,Unnamed: 0.1,year,weight,value,number_harvesters,price_per_lb,clusters,cluster
0,182,2008,874072.35,2811848.728,80,3.216951924,0,pink
1,183,2008,1300961.05,4380685.491,100,3.367268752,0,pink
2,184,2008,749213.48,2761140.098,71,3.685384969,0,pink
3,185,2008,860515.0,3237508.82,89,3.762292139,0,pink
4,186,2008,1463538.05,4777283.831,173,3.264202001,0,pink
5,187,2008,469693.5,1686542.55,20,3.590730019,0,pink
6,188,2008,501952.97,1871689.247,58,3.72881397,0,pink
7,189,2008,1167021.1,4076446.84,144,3.493036107,0,pink
8,190,2008,714036.2,2313529.645,67,3.240073325,0,pink
9,191,2008,16853.2,66952.768,9,3.972703582,0,pink
10,192,2008,973688.6,3235568.815,83,3.32300164,0,pink
11,193,2008,564253.5,2139812.17,56,3.792288696,0,pink
12,194,2008,838868.2,2736997.42,51,3.262726397,0,pink
13,195,2008,1383106.1,4816284.71,85,3.482223605,0,pink
14,196,2008,1252792.3,4253588.005,58,3.395285879,0,pink
15,197,2008,1018364.7,3676703.91,71,3.610399997,0,pink
16,198,2008,471958.15,1792250.088,31,3.797476721,0,pink
17,199,2008,36272.03,154156.465,9,4.250009305,0,pink
18,200,2008,230983.9,835550.37,52,3.617353287,0,pink
19,201,2008,650370.5,2367096.44,54,3.639612252,0,pink
20,202,2008,3050380.03,10957629.81,189,3.592217921,2,dark purple
21,203,2008,290645.56,960823.85,33,3.305826691,0,pink
22,204,2008,327995.4,1016548.85,30,3.099277764,0,pink
23,205,2008,15840.0,55011.8,3,3.472967172,0,pink
24,206,2008,25261.9,93814.013,8,3.713656257,0,pink
25,207,2008,1971295.05,6725615.28,190,3.411775056,2,dark purple
26,208,2008,332511.03,1136885.544,29,3.419091222,0,pink
27,209,2008,2815796.4,9551861.43,247,3.392241509,2,dark purple
28,210,2008,194220.16,724326.245,36,3.729408137,0,pink
29,211,2008,1130809.51,4527935.65,83,4.004154201,0,pink
30,212,2008,21775.65,83585.86,7,3.838501262,0,pink
31,213,2008,1462483.0,5135465.14,87,3.511469973,0,pink
32,214,2008,71414.45,237527.95,10,3.32604886,0,pink
33,215,2008,2529.8,11469.633,6,4.533810183,0,pink
34,216,2008,989284.2,3250697.95,46,3.285909095,0,pink
35,217,2008,136430.01,504406.778,11,3.697183472,0,pink
36,218,2008,72561.15,273727.051,9,3.772363737,0,pink
37,219,2008,89279.8,340361.941,23,3.812306266,0,pink
38,220,2008,8664950.16,30757825.57,791,3.549682918,1,purple
39,221,2008,210409.28,864417.89,17,4.108268846,0,pink
40,222,2008,1325949.87,4710258.765,77,3.552365645,0,pink
41,223,2008,9822.05,36161.42,6,3.681657088,0,pink
42,224,2008,357215.6,1376228.06,58,3.852653859,0,pink
43,225,2008,72298.33,274940.964,9,3.802867424,0,pink
44,226,2008,1978674.39,6540932.218,155,3.305714296,2,dark purple
45,227,2008,2205875.17,8279837.999,238,3.753538782,2,dark purple
46,228,2008,1172352.19,4303755.536,182,3.671043201,0,pink
47,229,2008,152156.82,527197.905,22,3.464832566,0,pink
48,230,2008,495832.0,1594403.845,55,3.21561304,0,pink
49,231,2008,227899.37,867554.168,38,3.806742283,0,pink
50,232,2008,1310524.8,4303217.79,101,3.283583638,0,pink
51,233,2008,2803.93,11936.285,9,4.256983948,0,pink
52,234,2008,1017184.9,3773312.189,97,3.709563708,0,pink
53,235,2008,3171262.94,10276922.07,177,3.240640169,2,dark purple
54,236,2008,1297762.04,4567207.375,87,3.519294936,0,pink
55,237,2008,7186042.45,25582771.45,368,3.560064059,2,dark purple
56,238,2008,1464290.07,5478767.433,93,3.741586141,0,pink
57,239,2008,1925158.99,6364455.608,107,3.305937661,2,dark purple
58,240,2008,380709.3,1495759.031,65,3.928874422,0,pink
59,241,2008,5184632.45,18224609.66,227,3.515120857,2,dark purple
60,242,2008,28571.5,101090.074,7,3.538143745,0,pink
61,243,2008,1032016.0,3290376.575,43,3.188299963,0,pink
62,244,2008,495081.29,1966754.59,35,3.972589209,0,pink
63,482,2009,970421.25,2549251.662,108,2.626953668,0,pink
64,483,2009,1428187.2,4173242.112,104,2.922055394,0,pink
65,484,2009,663631.6,2198787.347,45,3.313264991,0,pink
66,485,2009,1320445.0,4236815.53,125,3.208627039,0,pink
67,486,2009,2599936.36,7452947.778,219,2.866588541,2,dark purple
68,487,2009,127554.01,361981.368,44,2.83786741,0,pink
69,488,2009,604964.1,1706482.494,51,2.820799604,0,pink
70,489,2009,174903.0,460727.67,42,2.634189637,0,pink
71,490,2009,956241.2,3594046.265,132,3.758514342,0,pink
72,491,2009,776282.3,1993660.966,64,2.568216441,0,pink
73,492,2009,25558.8,74124.865,12,2.90017,0,pink
74,493,2009,23318.85,70057.581,6,3.004332589,0,pink
75,494,2009,735252.3,1980043.44,68,2.693012235,0,pink
76,495,2009,715460.2,2344081.44,48,3.276326817,0,pink
77,496,2009,11328.2,30656.18,3,2.7061828,0,pink
78,497,2009,1149877.3,3167319.31,79,2.754484596,0,pink
79,498,2009,1332685.4,4234861.502,76,3.177690325,0,pink
80,499,2009,1535849.0,4742734.38,50,3.08802127,0,pink
81,500,2009,763369.7,2226180.71,42,2.916255007,0,pink
82,501,2009,615024.46,2101915.581,29,3.417612986,0,pink
83,502,2009,36004.3,130852.49,7,3.634357285,0,pink
84,503,2009,315122.5,939393.625,50,2.98104269,0,pink
85,504,2009,193822.0,572980.6,16,2.956220656,0,pink
86,505,2009,252534.55,795468.46,25,3.149939127,0,pink
87,506,2009,3561330.15,10454725.67,179,2.935623834,2,dark purple
88,507,2009,250797.81,708142.86,26,2.82356078,0,pink
89,508,2009,341649.3,862057.03,30,2.523222,0,pink
90,509,2009,33490.0,109947.25,3,3.282987459,0,pink
91,510,2009,114679.47,355058.86,21,3.096097846,0,pink
92,511,2009,2314639.46,6613186.002,180,2.857112789,2,dark purple
93,512,2009,599035.05,1785762.267,38,2.981064742,0,pink
94,513,2009,109871.25,303888.32,15,2.765858402,0,pink
95,514,2009,2612190.16,7329238.495,251,2.805782905,2,dark purple
96,515,2009,184881.14,613819.87,28,3.320078349,0,pink
97,516,2009,1140214.09,3773315.659,87,3.309304535,0,pink
98,517,2009,138124.0,453878.85,30,3.286024514,0,pink
99,518,2009,1656981.11,4720213.115,92,2.848682515,0,pink
100,519,2009,39417.97,151093.519,9,3.833112639,0,pink
101,520,2009,1006140.26,2823227.955,51,2.805998395,0,pink
102,521,2009,224343.54,739399.829,13,3.295837397,0,pink
103,522,2009,100690.8,324282.619,8,3.220578434,0,pink
104,523,2009,49518.4,161947.554,20,3.270452074,0,pink
105,524,2009,8753838.91,26116590.87,669,2.983444308,2,dark purple
106,525,2009,228989.5,771420.045,21,3.368800949,0,pink
107,526,2009,1908663.54,5671172.008,86,2.971279059,0,pink
108,527,2009,6995.4,20662.235,5,2.953688853,0,pink
109,528,2009,541789.0,1759730.28,44,3.247999276,0,pink
110,529,2009,55440.23,176555.942,9,3.184617777,0,pink
111,530,2009,2812726.47,7720441.671,189,2.744824907,2,dark purple
112,531,2009,2434758.4,7571998.949,241,3.109959062,2,dark purple
113,532,2009,591932.0,1801115.4,28,3.04277417,0,pink
114,533,2009,2717723.89,8015821.802,204,2.949461434,2,dark purple
115,534,2009,169698.69,480336.909,23,2.830528091,0,pink
116,535,2009,435866.89,1140833.415,41,2.617389486,0,pink
117,536,2009,54599.4,181999.1,21,3.33335348,0,pink
118,537,2009,252854.65,787642.913,31,3.115002682,0,pink
119,538,2009,1505896.02,4265916.28,100,2.83280932,0,pink
120,539,2009,425200.63,1224540.68,23,2.879912666,0,pink
121,540,2009,1508116.27,5065990.876,150,3.359151398,0,pink
122,541,2009,2962924.63,7079176.525,148,2.389252988,2,dark purple
123,542,2009,93182.84,316313.61,11,3.394547859,0,pink
124,543,2009,1413494.9,4125765.006,84,2.918839683,0,pink
125,544,2009,9155486.1,25752633.48,376,2.812808976,2,dark purple
126,545,2009,90182.5,290368.909,13,3.219792188,0,pink
127,546,2009,2112753.39,6283812.08,128,2.974228847,0,pink
128,547,2009,1694345.52,4535460.024,87,2.676821209,0,pink
129,548,2009,457454.51,1464825.188,66,3.202122082,0,pink
130,549,2009,126189.75,396257.638,31,3.140172938,0,pink
131,550,2009,4719606.35,13650575.01,219,2.892312197,2,dark purple
132,551,2009,35442.34,119742.664,8,3.378520267,0,pink
133,552,2009,85585.3,233359.445,23,2.726629982,0,pink
134,553,2009,1169618.5,3361165.915,39,2.873728412,0,pink
135,554,2009,321183.3,968220.575,42,3.014542085,0,pink
136,555,2009,526331.05,1764645.61,32,3.352729447,0,pink
137,767,2010,1208556.46,3610369.841,81,2.98734065,0,pink
138,768,2010,1536581.92,5129486.472,75,3.338244714,0,pink
139,769,2010,945626.26,3556241.639,31,3.760726398,0,pink
140,770,2010,2011482.55,7134756.935,136,3.547014084,2,dark purple
141,771,2010,3418648.18,10712121.23,216,3.133437741,2,dark purple
142,772,2010,181319.86,606141.484,42,3.342940393,0,pink
143,773,2010,883767.55,2945233.94,53,3.332588914,0,pink
144,774,2010,5577.0,20762.8,5,3.722933477,0,pink
145,775,2010,1165040.9,3778447.57,132,3.243188776,0,pink
146,776,2010,871969.29,2548066.34,62,2.92219734,0,pink
147,777,2010,200040.92,618028.13,16,3.089508537,0,pink
148,778,2010,20059.6,71439.098,6,3.561342101,0,pink
149,779,2010,108783.5,394407.94,24,3.62562282,0,pink
150,780,2010,686195.5,2516629.375,46,3.667510753,0,pink
151,781,2010,1301476.42,4141077.135,64,3.181830321,0,pink
152,782,2010,1496721.75,5084616.524,72,3.397168862,0,pink
153,783,2010,1738808.5,5933265.44,51,3.41225928,0,pink
154,784,2010,161783.2,560577.425,13,3.464991575,0,pink
155,785,2010,837162.51,3149041.452,32,3.761565305,0,pink
156,786,2010,30215.6,118746.63,5,3.929977561,0,pink
157,787,2010,302906.3,1058327.858,43,3.493911675,0,pink
158,788,2010,253753.2,895282.645,16,3.528162975,0,pink
159,789,2010,246290.3,830459.16,19,3.371871162,0,pink
160,790,2010,3988157.8,14144978.4,175,3.546744916,2,dark purple
161,791,2010,292870.6,984366.95,25,3.361098553,0,pink
162,792,2010,331789.2,971205.12,24,2.927175206,0,pink
163,793,2010,32866.5,122607.2,2,3.730461108,0,pink
164,794,2010,182562.45,647024.903,26,3.544129162,0,pink
165,795,2010,2572267.2,8504880.503,199,3.30637521,2,dark purple
166,796,2010,788245.15,2776411.9,33,3.522269563,0,pink
167,797,2010,124991.4,384535.26,10,3.076493743,0,pink
168,798,2010,2759478.5,8909438.6,189,3.228667518,2,dark purple
169,799,2010,197060.69,700322.915,23,3.553843818,0,pink
170,800,2010,1166674.84,4246177.773,76,3.639555451,0,pink
171,801,2010,180629.15,665459.315,19,3.684119175,0,pink
172,802,2010,197471.36,733550.991,30,3.714720914,0,pink
173,803,2010,807025.0,2597432.785,50,3.21852828,0,pink
174,804,2010,836534.43,3074495.441,46,3.67527663,0,pink
175,805,2010,2296008.8,7528936.865,88,3.279141119,2,dark purple
176,806,2010,77949.05,326812.73,10,4.192645452,0,pink
177,807,2010,985786.77,3103343.818,47,3.148088321,0,pink
178,808,2010,400279.55,1518717.832,19,3.794142948,0,pink
179,809,2010,208862.1,770527.605,11,3.689169098,0,pink
180,810,2010,72533.4,270105.86,4,3.723882515,0,pink
181,811,2010,169169.15,602857.484,11,3.563637247,0,pink
182,812,2010,20699.9,73232.045,5,3.537797042,0,pink
183,813,2010,8779810.07,29538977.23,482,3.364420983,1,purple
184,814,2010,1639.8,6754.405,4,4.119041956,0,pink
185,815,2010,1721303.69,6079829.415,52,3.53210735,0,pink
186,816,2010,255134.1,833876.885,28,3.268386645,0,pink
187,817,2010,6992.2,23719.166,5,3.392232202,0,pink
188,818,2010,358826.52,1304481.34,30,3.635409501,0,pink
189,819,2010,8128.03,31726.313,4,3.903321346,0,pink
190,820,2010,2481484.61,7838310.274,155,3.158718068,2,dark purple
191,821,2010,2796452.37,9968374.521,195,3.564650208,2,dark purple
192,822,2010,626296.0,2193107.9,33,3.501711491,0,pink
193,823,2010,2118440.24,7551932.041,191,3.564854886,2,dark purple
194,824,2010,292060.46,994936.036,22,3.406609837,0,pink
195,825,2010,548434.86,1696466.515,46,3.093287168,0,pink
196,826,2010,72039.32,247505.24,15,3.435696506,0,pink
197,827,2010,417373.43,1438080.261,41,3.445548177,0,pink
198,828,2010,357788.52,1086208.47,27,3.035895255,0,pink
199,829,2010,1481919.63,4674166.85,95,3.154129789,0,pink
200,830,2010,450858.0,1551575.32,19,3.441383584,0,pink
201,831,2010,375965.5,1221130.9,33,3.247986584,0,pink
202,832,2010,1806522.33,6540708.7,125,3.620607723,2,dark purple
203,833,2010,3555223.16,10169359.59,173,2.860399793,2,dark purple
204,834,2010,1854797.5,5908002.951,87,3.185254968,0,pink
205,835,2010,14569084.43,46512113.22,451,3.192521359,1,purple
206,836,2010,147826.45,536298.908,13,3.627895468,0,pink
207,837,2010,2302719.9,7780293.014,96,3.378740512,2,dark purple
208,838,2010,2264445.75,6866002.46,89,3.032089623,2,dark purple
209,839,2010,17261.2,64079.32,15,3.712332862,0,pink
210,840,2010,5842761.15,18982905.85,204,3.248961469,2,dark purple
211,841,2010,43997.0,170401.54,5,3.873026343,0,pink
212,842,2010,35547.08,126076.187,10,3.546738213,0,pink
213,843,2010,4236.5,13298.92,4,3.139128998,0,pink
214,844,2010,1476912.0,4902237.26,40,3.319248039,0,pink
215,845,2010,171648.5,533345.825,23,3.107197703,0,pink
216,846,2010,110191.2,412684.075,35,3.745163634,0,pink
217,847,2010,551969.91,2021978.802,32,3.663204761,0,pink
218,1090,2011,1218808.15,3313274.809,88,2.718454754,0,pink
219,1091,2011,1622881.33,5351862.056,80,3.297753173,0,pink
220,1092,2011,1183074.58,4012513.873,53,3.391598417,0,pink
221,1093,2011,2298947.0,7732566.05,114,3.363525149,2,dark purple
222,1094,2011,3744067.94,11148829.22,221,2.977731547,2,dark purple
223,1095,2011,223052.79,679324.067,43,3.045575296,0,pink
224,1096,2011,179734.61,641118.355,22,3.567027825,0,pink
225,1097,2011,1262613.01,4123448.201,56,3.265805253,0,pink
226,1098,2011,10248.58,42144.0,5,4.112179443,0,pink
227,1099,2011,1350867.81,4364008.926,126,3.230522553,0,pink
228,1100,2011,867123.13,2575419.88,59,2.970074019,0,pink
229,1101,2011,143016.49,435417.583,12,3.044527124,0,pink
230,1102,2011,48025.26,159854.327,10,3.328546831,0,pink
231,1103,2011,326048.7,944643.735,35,2.897247359,0,pink
232,1104,2011,6837.79,22485.278,4,3.28838382,0,pink
233,1105,2011,98663.15,363038.103,23,3.67957138,0,pink
234,1106,2011,692716.53,2444457.0,48,3.528798425,0,pink
235,1107,2011,1339013.13,4158309.363,64,3.105503053,0,pink
236,1108,2011,1676328.21,5662931.083,79,3.378175616,0,pink
237,1109,2011,1917014.5,5836357.646,58,3.044503652,0,pink
238,1110,2011,386677.5,1309720.285,32,3.387112736,0,pink
239,1111,2011,802852.7,2748950.349,35,3.423978457,0,pink
240,1112,2011,4432.0,13273.13,4,2.994839801,0,pink
241,1113,2011,34840.7,140924.207,7,4.044815604,0,pink
242,1114,2011,163001.75,604600.89,33,3.709168092,0,pink
243,1115,2011,245749.5,840520.9,16,3.420234426,0,pink
244,1116,2011,4325524.0,14517817.37,172,3.356314141,2,dark purple
245,1117,2011,317803.09,1032052.76,22,3.247459803,0,pink
246,1118,2011,491533.8,1288578.74,24,2.621546555,0,pink
247,1119,2011,32469.0,116154.15,5,3.577386122,0,pink
248,1120,2011,224507.35,773376.636,24,3.444772013,0,pink
249,1121,2011,2793678.29,9295513.272,184,3.327338479,2,dark purple
250,1122,2011,128682.85,418540.41,7,3.252495651,0,pink
251,1123,2011,2722772.55,7709565.427,175,2.831512837,2,dark purple
252,1124,2011,193801.23,667230.362,23,3.442859274,0,pink
253,1125,2011,1228797.9,4493244.585,72,3.656618053,0,pink
254,1126,2011,37005.0,124436.69,5,3.362699365,0,pink
255,1127,2011,223461.25,845784.221,30,3.784925668,0,pink
256,1128,2011,1089959.62,3131018.635,48,2.872600579,0,pink
257,1129,2011,2509756.6,7943347.59,112,3.16498723,2,dark purple
258,1130,2011,63478.27,250163.17,11,3.940926084,0,pink
259,1131,2011,1048239.5,3162010.795,48,3.016496512,0,pink
260,1132,2011,268047.61,974035.295,15,3.633814512,0,pink
261,1133,2011,73656.1,264950.775,3,3.597132824,0,pink
262,1134,2011,11414532.54,36936692.37,620,3.235935615,1,purple
263,1135,2011,2039086.67,6791522.32,49,3.330668784,2,dark purple
264,1136,2011,248966.5,794349.92,29,3.190589577,0,pink
265,1137,2011,13049.0,44476.631,4,3.40843214,0,pink
266,1138,2011,413174.73,1527567.404,34,3.697146251,0,pink
267,1139,2011,10820.45,35805.0,5,3.309012102,0,pink
268,1140,2011,2512218.5,7468168.08,137,2.972738271,2,dark purple
269,1141,2011,3200965.23,11114827.89,199,3.47233634,2,dark purple
270,1142,2011,697689.0,2328791.225,58,3.337864328,0,pink
271,1143,2011,5365558.74,18647636.7,297,3.475432402,2,dark purple
272,1144,2011,388664.53,1252485.812,18,3.222536958,0,pink
273,1145,2011,510368.71,1558569.115,42,3.053810088,0,pink
274,1146,2011,70201.3,250551.225,17,3.569039676,0,pink
275,1147,2011,411376.02,1390402.21,40,3.379881525,0,pink
276,1148,2011,42915.0,120352.55,6,2.804440172,0,pink
277,1149,2011,1486807.65,4650300.72,105,3.127708362,0,pink
278,1150,2011,467402.06,1539832.3,24,3.294449109,0,pink
279,1151,2011,409370.5,1317955.56,35,3.219468819,0,pink
280,1152,2011,1934349.09,6737146.307,122,3.482900962,2,dark purple
281,1153,2011,3793805.56,10787584.86,184,2.843473312,2,dark purple
282,1154,2011,107679.3,379006.62,7,3.519772324,0,pink
283,1155,2011,1496817.95,4687509.185,79,3.1316495,0,pink
284,1156,2011,61277.16,208075.021,7,3.395637477,0,pink
285,1157,2011,15571523.32,48224275.65,414,3.096952986,1,purple
286,1158,2011,156964.0,552337.6,10,3.518880762,0,pink
287,1159,2011,2184196.81,7188272.933,92,3.29103719,2,dark purple
288,1160,2011,2309063.46,6508024.175,95,2.818469171,2,dark purple
289,1161,2011,332483.78,1224923.13,5,3.684159059,0,pink
290,1162,2011,81565.0,269267.67,27,3.301264881,0,pink
291,1163,2011,5498650.85,16686985.44,195,3.034741775,2,dark purple
292,1164,2011,41715.79,144044.413,10,3.452994969,0,pink
293,1165,2011,1427777.0,4321574.75,43,3.02678552,0,pink
294,1166,2011,35891.3,135092.145,7,3.763924544,0,pink
295,1167,2011,567989.42,2037512.67,29,3.587237012,0,pink
296,1404,2012,1887367.87,4344756.089,81,2.302018678,0,pink
297,1405,2012,2035393.28,5782418.108,82,2.840934067,0,pink
298,1406,2012,1362575.9,3923839.904,40,2.879722079,0,pink
299,1407,2012,2880469.21,8163772.057,85,2.83418133,2,dark purple
300,1408,2012,4619873.65,10818257.78,207,2.341678279,2,dark purple
301,1409,2012,301535.56,763500.226,43,2.53204042,0,pink
302,1410,2012,204565.41,658415.623,24,3.218606816,0,pink
303,1411,2012,1791497.37,4748711.103,61,2.650693873,0,pink
304,1412,2012,1443210.0,4216828.048,118,2.921839544,0,pink
305,1413,2012,1048178.0,2556472.47,57,2.438967876,0,pink
306,1414,2012,252192.89,613872.51,13,2.434138845,0,pink
307,1415,2012,96379.09,264571.953,5,2.745117774,0,pink
308,1416,2012,624502.95,1375181.01,40,2.202040855,0,pink
309,1417,2012,11311.72,31743.211,4,2.806223192,0,pink
310,1418,2012,111219.11,384533.686,24,3.457442574,0,pink
311,1419,2012,775202.67,2494921.63,47,3.21841207,0,pink
312,1420,2012,43168.06,113620.603,5,2.632052564,0,pink
313,1421,2012,2072034.3,5634767.5,114,2.719437366,0,pink
314,1422,2012,2195160.03,6715548.88,85,3.059252532,2,dark purple
315,1423,2012,2440469.0,6237245.8,56,2.555757029,2,dark purple
316,1424,2012,1537007.99,4363266.45,50,2.838805314,0,pink
317,1425,2012,836897.69,2519719.537,40,3.010785628,0,pink
318,1426,2012,92913.07,298361.377,7,3.211188447,0,pink
319,1427,2012,425374.5,1315479.43,55,3.092520661,0,pink
320,1428,2012,245235.41,722187.015,20,2.9448725,0,pink
321,1429,2012,235374.05,718770.37,13,3.05373668,0,pink
322,1430,2012,4666396.35,13316207.88,172,2.853638414,2,dark purple
323,1431,2012,445272.95,1281338.05,25,2.877646284,0,pink
324,1432,2012,543642.54,1119660.87,18,2.059553452,0,pink
325,1433,2012,40595.0,111925.3,3,2.757120335,0,pink
326,1434,2012,145879.2,388049.645,24,2.66007522,0,pink
327,1435,2012,2389798.23,7058366.507,122,2.953540771,2,dark purple
328,1436,2012,1192602.0,3431405.15,33,2.877242492,0,pink
329,1437,2012,124870.25,339849.38,8,2.721620082,0,pink
330,1438,2012,3737602.95,8324645.338,183,2.227268506,2,dark purple
331,1439,2012,10828.3,31537.5,5,2.912507042,0,pink
332,1440,2012,251437.84,786413.148,23,3.127664269,0,pink
333,1441,2012,1428198.88,4773725.408,70,3.342479451,0,pink
334,1442,2012,268314.24,772555.851,17,2.879295005,0,pink
335,1443,2012,48510.75,138108.5,7,2.846966909,0,pink
336,1444,2012,421859.71,1262480.308,29,2.992654378,0,pink
337,1445,2012,1269704.56,3788364.155,52,2.98365799,0,pink
338,1446,2012,2789986.25,7391433.36,88,2.649272325,2,dark purple
339,1447,2012,19592.29,72056.815,7,3.677814845,0,pink
340,1448,2012,1232560.65,3193497.15,49,2.590945241,0,pink
341,1449,2012,1837.8,7298.7,3,3.971433235,0,pink
342,1450,2012,802447.3,2460245.525,39,3.06592785,0,pink
343,1451,2012,288876.12,937354.015,13,3.244830397,0,pink
344,1452,2012,268165.26,753195.334,14,2.80869839,0,pink
345,1453,2012,99963.3,299306.755,14,2.994166409,0,pink
346,1454,2012,11022430.67,29373455.94,465,2.664880081,1,purple
347,1455,2012,7683.45,23744.94,4,3.090400797,0,pink
348,1456,2012,65.0,260.0,1,4.0,0,pink
349,1457,2012,2413360.58,6901729.235,53,2.859800269,2,dark purple
350,1458,2012,48021.91,180177.68,16,3.75198904,0,pink
351,1459,2012,25762.6,76676.34,4,2.976265594,0,pink
352,1460,2012,3368747.85,8745820.934,126,2.596163715,2,dark purple
353,1461,2012,3524442.56,11005767.87,196,3.122697471,2,dark purple
354,1462,2012,817131.0,2423551.64,37,2.965927911,0,pink
355,1463,2012,3483138.19,9728996.411,176,2.793169803,2,dark purple
356,1464,2012,575283.52,1543504.978,20,2.683033538,0,pink
357,1465,2012,473707.8,1219059.65,32,2.573442215,0,pink
358,1466,2012,56363.3,182452.23,15,3.237075012,0,pink
359,1467,2012,399675.34,1231414.353,38,3.081036606,0,pink
360,1468,2012,706048.65,1490193.515,39,2.110610246,0,pink
361,1469,2012,1541863.15,4170544.913,103,2.704873589,0,pink
362,1470,2012,582491.5,1656606.35,29,2.8440009,0,pink
363,1471,2012,488758.0,1400693.62,32,2.865822391,0,pink
364,1472,2012,2502609.25,7526209.384,97,3.007344988,2,dark purple
365,1473,2012,3865569.5,9366284.117,136,2.423002385,2,dark purple
366,1474,2012,166079.4,520092.76,15,3.131591034,0,pink
367,1475,2012,2076861.85,5614839.183,87,2.703520787,0,pink
368,1476,2012,64721.63,188080.258,8,2.905987658,0,pink
369,1477,2012,18594681.8,46545972.22,371,2.503187348,1,purple
370,1478,2012,96025.6,282904.75,9,2.946138842,0,pink
371,1479,2012,21407.0,57374.9,5,2.680193395,0,pink
372,1480,2012,3035162.2,8121030.085,97,2.675649455,2,dark purple
373,1481,2012,2423105.44,5732646.507,85,2.365826271,0,pink
374,1482,2012,12766.0,38433.5,7,3.010614131,0,pink
375,1483,2012,106289.3,299484.325,18,2.817633807,0,pink
376,1484,2012,10119602.45,27431714.35,233,2.710750198,1,purple
377,1485,2012,22753.0,71963.8,10,3.16282688,0,pink
378,1486,2012,1764086.95,4481998.303,42,2.54069013,0,pink
379,1487,2012,190366.1,479151.24,15,2.516998772,0,pink
380,1488,2012,666308.09,2146906.46,30,3.222092741,0,pink
381,1743,2013,1914946.47,4686346.673,89,2.447246827,0,pink
382,1744,2013,1708133.87,5291521.829,75,3.097837893,0,pink
383,1745,2013,1698350.68,4982828.567,36,2.933922084,0,pink
384,1746,2013,2909819.4,8810716.005,83,3.027925377,2,dark purple
385,1747,2013,5865174.7,14497891.65,238,2.471860156,2,dark purple
386,1748,2013,339862.5,1013470.76,39,2.98200231,0,pink
387,1749,2013,170454.62,589310.459,19,3.457286514,0,pink
388,1750,2013,1710358.97,4882852.715,65,2.854870118,0,pink
389,1751,2013,1428414.95,4687989.215,110,3.281951939,0,pink
390,1752,2013,905753.2,2400088.43,57,2.649826056,0,pink
391,1753,2013,222376.4,522510.174,15,2.349665585,0,pink
392,1754,2013,8985.44,30771.174,7,3.42455951,0,pink
393,1755,2013,769281.05,1778378.65,43,2.311741138,0,pink
394,1756,2013,10033.0,32063.1,5,3.195763979,0,pink
395,1757,2013,98612.35,385663.077,19,3.910900379,0,pink
396,1758,2013,777586.15,2793902.24,45,3.593045272,0,pink
397,1759,2013,55673.25,165810.835,6,2.978285532,0,pink
398,1760,2013,2077903.65,6140121.9,109,2.95495987,0,pink
399,1761,2013,1909881.08,6421793.927,84,3.362405123,2,dark purple
400,1762,2013,3125481.0,8392108.49,53,2.685061432,2,dark purple
401,1763,2013,1173706.6,3660887.538,39,3.119082348,0,pink
402,1764,2013,1024534.62,3427243.79,37,3.345171284,0,pink
403,1765,2013,138613.54,543176.683,7,3.91864087,0,pink
404,1766,2013,482674.75,1586739.22,62,3.287388081,0,pink
405,1767,2013,199654.44,631895.624,17,3.164946515,0,pink
406,1768,2013,232983.6,707949.95,10,3.03862568,0,pink
407,1769,2013,4515671.83,14415489.59,175,3.19232445,2,dark purple
408,1770,2013,489820.49,1513839.81,24,3.090601232,0,pink
409,1771,2013,569874.5,1148663.526,24,2.015642963,0,pink
410,1772,2013,170117.3,536224.855,14,3.152088912,0,pink
411,1773,2013,71536.6,207440.27,11,2.899778156,0,pink
412,1774,2013,2244500.72,7133587.391,109,3.178251327,2,dark purple
413,1775,2013,1242374.2,3843292.3,35,3.093506208,0,pink
414,1776,2013,179311.4,525268.15,5,2.929362829,0,pink
415,1777,2013,2992562.8,6970790.348,167,2.32937145,2,dark purple
416,1778,2013,319606.06,1095869.379,21,3.428812892,0,pink
417,1779,2013,1424892.97,5073361.828,69,3.560521341,0,pink
418,1780,2013,135414.66,400981.855,9,2.961140655,0,pink
419,1781,2013,546540.13,1823902.788,24,3.337179994,0,pink
420,1782,2013,2727967.95,7261467.688,92,2.661859604,2,dark purple
421,1783,2013,17573.46,79587.68,5,4.528856583,0,pink
422,1784,2013,1366762.62,3983729.491,58,2.914719376,0,pink
423,1785,2013,895098.55,3062094.498,36,3.420957947,0,pink
424,1786,2013,351283.26,1236387.563,15,3.519631317,0,pink
425,1787,2013,390416.55,1138323.82,12,2.915664871,0,pink
426,1788,2013,191419.6,560792.16,11,2.929648584,0,pink
427,1789,2013,13402071.36,37850687.07,515,2.824241571,1,purple
428,1790,2013,35140.4,103005.66,3,2.931260316,0,pink
429,1791,2013,2846.0,14294.75,5,5.02275123,0,pink
430,1792,2013,653.0,2847.2,2,4.360183767,0,pink
431,1793,2013,63500.5,227753.495,7,3.586640971,0,pink
432,1794,2013,2518931.8,7996709.144,50,3.174642975,2,dark purple
433,1795,2013,212237.75,664677.053,25,3.131756971,0,pink
434,1796,2013,25107.0,78758.41,7,3.136910423,0,pink
435,1797,2013,16088.3,57835.65,6,3.594888832,0,pink
436,1798,2013,2929080.87,8570302.625,139,2.925935816,2,dark purple
437,1799,2013,3116454.19,10857353.27,198,3.483880272,2,dark purple
438,1800,2013,794619.17,2367015.095,29,2.978804419,0,pink
439,1801,2013,3263104.42,10067569.08,156,3.085273342,2,dark purple
440,1802,2013,466600.4,1358721.55,18,2.911959677,0,pink
441,1803,2013,377141.1,999127.475,22,2.649213981,0,pink
442,1804,2013,57676.82,195733.33,14,3.393622082,0,pink
443,1805,2013,369876.46,1261692.26,33,3.411118026,0,pink
444,1806,2013,1328568.5,3938244.35,94,2.964276475,0,pink
445,1807,2013,623735.7,1952843.429,29,3.130882887,0,pink
446,1808,2013,2867534.86,8635232.603,91,3.011378422,2,dark purple
447,1809,2013,4042857.55,11171145.68,130,2.763180632,2,dark purple
448,1810,2013,273473.71,920681.516,35,3.366618005,0,pink
449,1811,2013,2143506.6,5948038.014,79,2.774910053,0,pink
450,1812,2013,96677.3,304966.955,13,3.154483576,0,pink
451,1813,2013,18215753.6,49589538.08,384,2.722343482,1,purple
452,1814,2013,67758.19,200780.115,8,2.963185926,0,pink
453,1815,2013,2754587.7,7935194.05,99,2.880719336,2,dark purple
454,1816,2013,2275182.61,5767075.104,84,2.534774606,0,pink
455,1817,2013,131421.4,389221.613,20,2.961630397,0,pink
456,1818,2013,10061503.65,29810514.93,240,2.962829013,1,purple
457,1819,2013,14061.5,48440.5,8,3.444902749,0,pink
458,1820,2013,604105.0,1879258.8,39,3.110814842,0,pink
459,1821,2013,2048084.0,5428930.2,37,2.650736103,0,pink
460,1822,2013,122929.0,327296.4,12,2.662483222,0,pink
461,1823,2013,8041.7,35968.75,3,4.472779387,0,pink
462,1824,2013,675528.33,2351399.621,24,3.480830509,0,pink
463,2098,2014,1739057.5,6136524.075,88,3.528649326,0,pink
464,2099,2014,1484102.43,5686003.296,72,3.831274163,0,pink
465,2100,2014,1817980.41,7187298.915,48,3.953452345,2,dark purple
466,2101,2014,2552276.7,10062470.75,95,3.942546962,2,dark purple
467,2102,2014,6290656.0,20981430.81,232,3.335332724,2,dark purple
468,2103,2014,400137.37,1574287.197,40,3.934366833,0,pink
469,2104,2014,167060.34,682530.932,19,4.085535394,0,pink
470,2105,2014,1480279.34,5553646.709,65,3.751755874,0,pink
471,2106,2014,16830.85,72555.25,3,4.310848828,0,pink
472,2107,2014,1392205.32,5470289.624,96,3.929226204,0,pink
473,2108,2014,845349.38,2883681.386,54,3.411230261,0,pink
474,2109,2014,130865.04,403906.04,8,3.086431945,0,pink
475,2110,2014,7528.63,31891.08,5,4.235973876,0,pink
476,2111,2014,655905.22,2068694.825,42,3.153953897,0,pink
477,2112,2014,781903.0,3169072.62,20,4.053025273,0,pink
478,2113,2014,7868.0,34663.25,4,4.405598627,0,pink
479,2114,2014,61685.89,283224.885,23,4.591404696,0,pink
480,2115,2014,836921.06,3520885.345,46,4.206950348,0,pink
481,2116,2014,847670.0,3305759.15,65,3.899818502,0,pink
482,2117,2014,1943010.27,7275950.078,110,3.744679166,2,dark purple
483,2118,2014,1773289.15,7257877.308,84,4.092889932,2,dark purple
484,2119,2014,2294774.0,8066486.925,50,3.515155272,2,dark purple
485,2120,2014,1007679.9,4101403.755,38,4.070145445,0,pink
486,2121,2014,908612.56,3869868.225,41,4.259096116,0,pink
487,2122,2014,118512.91,563508.585,6,4.754828693,0,pink
488,2123,2014,428353.27,1675279.8,59,3.910977031,0,pink
489,2124,2014,261841.3,1051560.08,19,4.016020697,0,pink
490,2125,2014,143675.0,603078.95,7,4.197521837,0,pink
491,2126,2014,4351623.9,17239783.34,180,3.961689644,2,dark purple
492,2127,2014,477669.1,1831150.92,27,3.833513451,0,pink
493,2128,2014,230175.5,691631.55,14,3.004800902,0,pink
494,2129,2014,505944.8,1557975.145,14,3.079338191,0,pink
495,2130,2014,101521.7,384258.52,12,3.784989022,0,pink
496,2131,2014,2073062.23,8057301.499,111,3.886666489,2,dark purple
497,2132,2014,1418447.5,5542785.175,38,3.907642105,0,pink
498,2133,2014,222089.3,848849.321,6,3.822108138,0,pink
499,2134,2014,2913038.25,9176646.991,160,3.150197905,2,dark purple
500,2135,2014,70128.0,285738.74,3,4.074531428,0,pink
501,2136,2014,238347.3,994445.015,20,4.172252067,0,pink
502,2137,2014,1505734.5,6262579.03,61,4.159152248,0,pink
503,2138,2014,167372.95,659521.984,9,3.940433529,0,pink
504,2139,2014,172630.33,690806.638,9,4.001652769,0,pink
505,2140,2014,539209.15,2282404.744,32,4.232874654,0,pink
506,2141,2014,2778353.25,9764635.1,81,3.514540529,2,dark purple
507,2142,2014,7020.62,38516.288,5,5.486166179,0,pink
508,2143,2014,1276894.01,4671205.918,53,3.658256583,0,pink
509,2144,2014,229580.0,887330.17,19,3.865015115,0,pink
510,2145,2014,1059769.7,4440905.66,37,4.190444075,0,pink
511,2146,2014,405841.36,1708239.602,14,4.209131376,0,pink
512,2147,2014,352087.71,1358825.13,21,3.85933701,0,pink
513,2148,2014,160911.44,613377.862,10,3.811897165,0,pink
514,2149,2014,10965326.98,39817413.65,419,3.63121079,1,purple
515,2150,2014,18318.5,82891.26,7,4.525002593,0,pink
516,2151,2014,2421347.14,9511068.233,55,3.928006883,2,dark purple
517,2152,2014,206268.0,793241.19,23,3.845682268,0,pink
518,2153,2014,17060.0,66893.59,6,3.92107796,0,pink
519,2154,2014,12741.0,47823.6,3,3.753520132,0,pink
520,2155,2014,2512302.49,9160743.657,109,3.64635377,2,dark purple
521,2156,2014,3564827.75,14761405.47,242,4.140846769,2,dark purple
522,2157,2014,898971.0,3462278.15,30,3.851379132,0,pink
523,2158,2014,3495002.36,13619089.21,157,3.896732479,2,dark purple
524,2159,2014,354789.75,1377098.36,23,3.881449112,0,pink
525,2160,2014,277687.0,966389.9,19,3.48014095,0,pink
526,2161,2014,66060.6,268512.855,12,4.064644508,0,pink
527,2162,2014,375217.8,1517399.085,34,4.044048776,0,pink
528,2163,2014,31693.58,128518.32,4,4.055026917,0,pink
529,2164,2014,760154.65,2331603.694,39,3.067275447,0,pink
530,2165,2014,1286183.04,4693881.345,84,3.649466055,0,pink
531,2166,2014,628737.4,2414494.925,27,3.840227931,0,pink
532,2167,2014,2688198.19,10662751.52,99,3.966504985,2,dark purple
533,2168,2014,4085106.81,14487157.94,158,3.546335167,2,dark purple
534,2169,2014,413413.65,1728996.982,33,4.182244544,0,pink
535,2170,2014,2287386.1,8342548.93,78,3.647197528,2,dark purple
536,2171,2014,60702.09,247965.439,9,4.08495719,0,pink
537,2172,2014,17327891.04,60882789.73,396,3.513571824,1,purple
538,2173,2014,101020.76,385713.75,6,3.818163217,0,pink
539,2174,2014,20748.0,80017.8,4,3.856651243,0,pink
540,2175,2014,2685873.2,9681746.718,95,3.604692402,2,dark purple
541,2176,2014,2236397.01,7673806.178,99,3.43132554,2,dark purple
542,2177,2014,122510.55,474696.184,24,3.874737188,0,pink
543,2178,2014,9628898.51,34851935.54,234,3.619514268,1,purple
544,2179,2014,12356.87,48533.51,6,3.927654009,0,pink
545,2180,2014,2386938.5,8336681.49,37,3.492625172,2,dark purple
546,2181,2014,27651.96,135149.64,8,4.88752479,0,pink
547,2182,2014,694657.35,2904404.025,26,4.18105995,0,pink
548,2450,2015,1701322.5,6905848.1,78,4.059105843,2,dark purple
549,2451,2015,1339862.02,5713212.479,69,4.26403047,0,pink
550,2452,2015,1312931.75,5800170.501,52,4.417724304,0,pink
551,2453,2015,2383210.55,10698012.61,90,4.488907877,2,dark purple
552,2454,2015,5451439.5,19980191.97,247,3.665122207,2,dark purple
553,2455,2015,334915.1,1380526.928,35,4.12202056,0,pink
554,2456,2015,142643.13,630272.364,20,4.418525897,0,pink
555,2457,2015,1366171.22,5738645.843,66,4.200531938,0,pink
556,2458,2015,1392866.65,6089033.66,109,4.371584071,0,pink
557,2459,2015,805655.35,3148985.34,46,3.908601041,0,pink
558,2460,2015,87000.75,300313.695,9,3.451851794,0,pink
559,2461,2015,6261.75,28513.829,4,4.553651775,0,pink
560,2462,2015,616668.7,2145352.09,39,3.478937864,0,pink
561,2463,2015,10067.0,46187.55,4,4.588015298,0,pink
562,2464,2015,34379.0,171521.4,22,4.989132901,0,pink
563,2465,2015,755318.15,3447617.115,45,4.564456865,0,pink
564,2466,2015,761531.0,3180161.446,66,4.176010492,0,pink
565,2467,2015,2091994.4,8792972.557,107,4.203153009,2,dark purple
566,2468,2015,1968387.75,9054702.839,74,4.600060552,2,dark purple
567,2469,2015,1853683.3,6861531.24,53,3.701566087,2,dark purple
568,2470,2015,1334041.1,5925883.285,36,4.44205451,0,pink
569,2471,2015,837507.56,3801373.033,36,4.538911903,0,pink
570,2472,2015,96135.1,492734.97,7,5.125442944,0,pink
571,2473,2015,352386.04,1537194.185,60,4.362244841,0,pink
572,2474,2015,325960.67,1488932.233,15,4.56782787,0,pink
573,2475,2015,137252.5,622053.1,4,4.53218047,0,pink
574,2476,2015,4766066.0,21243369.8,180,4.457212678,2,dark purple
575,2477,2015,431881.45,1796655.91,22,4.160067329,0,pink
576,2478,2015,140149.0,479299.75,11,3.41992986,0,pink
577,2479,2015,456716.0,1538881.15,19,3.369448738,0,pink
578,2480,2015,131862.8,556035.065,23,4.216769741,0,pink
579,2481,2015,2336027.6,10149833.75,111,4.344911742,2,dark purple
580,2482,2015,1214874.0,5288211.85,49,4.352889147,0,pink
581,2483,2015,2837051.95,9825849.515,186,3.463401336,2,dark purple
582,2484,2015,277270.49,1235430.753,22,4.455687848,0,pink
583,2485,2015,1424905.14,6287131.714,62,4.412315976,0,pink
584,2486,2015,149533.02,667397.328,8,4.463210387,0,pink
585,2487,2015,186196.0,799274.21,10,4.292649735,0,pink
586,2488,2015,438023.56,2005122.212,33,4.577658362,0,pink
587,2489,2015,2716172.5,10586846.0,79,3.897707528,2,dark purple
588,2490,2015,42102.25,206574.235,5,4.906489202,0,pink
589,2491,2015,1243411.35,5176099.131,53,4.162821202,0,pink
590,2492,2015,1145658.1,5395299.115,46,4.709344887,0,pink
591,2493,2015,419745.99,1912746.265,16,4.55691373,0,pink
592,2494,2015,461648.53,1952305.615,39,4.228986963,0,pink
593,2495,2015,156557.65,669027.23,12,4.273360197,0,pink
594,2496,2015,11761114.54,48231671.94,478,4.100943986,1,purple
595,2497,2015,2289168.84,9950922.627,72,4.346958797,2,dark purple
596,2498,2015,205155.2,891561.185,21,4.345788871,0,pink
597,2499,2015,12695.19,59216.95,7,4.664518609,0,pink
598,2500,2015,12655.2,55583.33,4,4.392133668,0,pink
599,2501,2015,2542355.3,10381397.25,104,4.083377823,2,dark purple
600,2502,2015,3759095.53,16625795.28,228,4.422817975,2,dark purple
601,2503,2015,903155.0,3960491.1,38,4.385173198,0,pink
602,2504,2015,3091100.07,13333826.99,165,4.313618676,2,dark purple
603,2505,2015,649149.05,2745325.043,29,4.229113549,0,pink
604,2506,2015,310756.46,1229874.51,26,3.957679625,0,pink
605,2507,2015,71641.7,315701.73,10,4.406675581,0,pink
606,2508,2015,414710.75,1788126.495,31,4.311743776,0,pink
607,2509,2015,18324.85,82766.02,5,4.516600136,0,pink
608,2510,2015,919405.29,3120573.013,37,3.394121229,0,pink
609,2511,2015,1445045.0,5902224.495,78,4.084457228,0,pink
610,2512,2015,485695.0,2084579.75,28,4.291952254,0,pink
611,2513,2015,487345.15,2076059.238,43,4.259936183,0,pink
612,2514,2015,2440817.3,10895943.77,108,4.46405545,2,dark purple
613,2515,2015,4429903.02,16876707.41,135,3.8097239,2,dark purple
614,2516,2015,394125.7,1853894.21,34,4.70381457,0,pink
615,2517,2015,2282816.22,9373306.403,77,4.106027599,2,dark purple
616,2518,2015,73061.9,328088.23,10,4.490551573,0,pink
617,2519,2015,17349138.25,66473365.56,401,3.831508205,1,purple
618,2520,2015,147765.8,642783.535,25,4.350015599,0,pink
619,2521,2015,2701104.95,10949122.29,99,4.053571591,2,dark purple
620,2522,2015,2544374.94,9719668.91,93,3.820061563,2,dark purple
621,2523,2015,9596249.19,39255822.19,222,4.090746438,1,purple
622,2524,2015,2168168.3,8414214.005,40,3.880793758,2,dark purple
623,2525,2015,681853.8,3078360.523,23,4.51469292,0,pink
624,2778,2016,2021082.6,8030745.43,84,3.973486997,2,dark purple
625,2779,2016,1613914.55,6702919.439,67,4.153205905,2,dark purple
626,2780,2016,1270383.2,5819351.183,62,4.580784115,0,pink
627,2781,2016,2778755.4,12503038.29,107,4.499510209,2,dark purple
628,2782,2016,6425549.05,22204032.98,256,3.455585322,2,dark purple
629,2783,2016,173826.86,792955.769,15,4.561756273,0,pink
630,2784,2016,1567498.91,6459190.438,66,4.12069852,2,dark purple
631,2785,2016,1836109.08,7818656.632,116,4.258274586,2,dark purple
632,2786,2016,844937.0,3253922.65,56,3.851083158,0,pink
633,2787,2016,20975.0,98549.85,7,4.698443385,0,pink
634,2788,2016,4393.76,20417.533,6,4.646938613,0,pink
635,2789,2016,666204.0,2344805.925,33,3.519651526,0,pink
636,2790,2016,41589.5,208915.19,18,5.023267652,0,pink
637,2791,2016,947943.39,4239243.285,44,4.472042666,0,pink
638,2792,2016,1040989.0,4416142.752,67,4.242256885,0,pink
639,2793,2016,2487082.0,9155462.5,45,3.68120653,2,dark purple
640,2794,2016,2695698.1,11013034.95,115,4.085411104,2,dark purple
641,2795,2016,2300661.5,10505190.95,79,4.566161058,2,dark purple
642,2796,2016,1592028.9,5605764.94,60,3.521145213,0,pink
643,2797,2016,1390773.6,6060778.5,36,4.357846957,0,pink
644,2798,2016,85771.1,405596.98,5,4.72883034,0,pink
645,2799,2016,385315.65,1681699.428,57,4.364472162,0,pink
646,2800,2016,337627.26,1538046.73,12,4.555457785,0,pink
647,2801,2016,179905.5,816797.37,6,4.540146744,0,pink
648,2802,2016,4874498.8,21143510.94,152,4.337576397,2,dark purple
649,2803,2016,514663.5,2117133.02,24,4.113625738,0,pink
650,2804,2016,326903.0,1049054.55,16,3.209069816,0,pink
651,2805,2016,413543.4,1364965.445,18,3.300658274,0,pink
652,2806,2016,533579.9,2343757.08,31,4.392513811,0,pink
653,2807,2016,2720646.59,11593961.95,113,4.261472987,2,dark purple
654,2808,2016,1299148.4,5832460.49,43,4.489449004,0,pink
655,2809,2016,194456.75,821583.41,5,4.225018725,0,pink
656,2810,2016,3347362.2,11198489.53,189,3.345466926,2,dark purple
657,2811,2016,39410.1,179487.25,3,4.554346475,0,pink
658,2812,2016,261470.53,1160382.125,22,4.437907878,0,pink
659,2813,2016,1582358.4,6983335.63,66,4.41324521,2,dark purple
660,2814,2016,175135.0,777272.352,14,4.438132595,0,pink
661,2815,2016,1510569.2,5745038.365,54,3.803227528,0,pink
662,2816,2016,3032824.5,11769166.18,88,3.880595854,2,dark purple
663,2817,2016,17221.23,94184.665,3,5.469102091,0,pink
664,2818,2016,16771.8,74131.84,4,4.420028858,0,pink
665,2819,2016,1251290.08,5080711.921,57,4.060378966,0,pink
666,2820,2016,402831.0,1689206.12,17,4.193336958,0,pink
667,2821,2016,1154298.6,5409651.645,47,4.686527078,0,pink
668,2822,2016,444822.91,1970188.884,16,4.429153355,0,pink
669,2823,2016,751306.52,3186679.262,54,4.241516847,0,pink
670,2824,2016,175602.46,773821.749,12,4.406668044,0,pink
671,2825,2016,10372005.08,44785371.66,479,4.317908766,1,purple
672,2826,2016,3313040.94,14130064.08,91,4.264983239,2,dark purple
673,2827,2016,313966.0,1328078.14,25,4.230006243,0,pink
674,2828,2016,6487.5,28261.64,4,4.356322158,0,pink
675,2829,2016,3879.02,18638.78,4,4.805022918,0,pink
676,2830,2016,1800862.0,7259398.98,81,4.031068999,2,dark purple
677,2831,2016,4117094.27,18261498.74,224,4.435530873,2,dark purple
678,2832,2016,1082436.0,4754391.85,32,4.392307582,0,pink
679,2833,2016,3117730.26,13510531.6,163,4.333451092,2,dark purple
680,2834,2016,603362.72,2537322.801,29,4.205302577,0,pink
681,2835,2016,365737.95,1463293.408,26,4.000934024,0,pink
682,2836,2016,75331.2,336813.375,9,4.47110062,0,pink
683,2837,2016,451769.9,2087072.685,34,4.619769234,0,pink
684,2838,2016,785598.0,3374130.55,38,4.29498363,0,pink
685,2839,2016,1579638.4,6357220.671,79,4.024478432,0,pink
686,2840,2016,1962.0,5799.3,4,2.955810398,0,pink
687,2841,2016,562333.0,2368034.45,43,4.211089248,0,pink
688,2842,2016,2465931.14,11221584.31,108,4.550647878,2,dark purple
689,2843,2016,4441895.0,16617391.75,157,3.741059109,2,dark purple
690,2844,2016,289435.0,1327378.7,35,4.586102925,0,pink
691,2845,2016,1937664.05,7887408.933,67,4.07057608,2,dark purple
692,2846,2016,18871858.18,70689586.72,402,3.745767165,1,purple
693,2847,2016,71902.59,313198.495,23,4.355872229,0,pink
694,2848,2016,2727811.1,10826528.55,95,3.968943652,2,dark purple
695,2849,2016,2658131.7,10773797.56,103,4.053146637,2,dark purple
696,2850,2016,9754402.34,41987489.98,225,4.304465668,1,purple
697,2851,2016,53146.38,237206.14,9,4.463260527,0,pink
698,2852,2016,2029262.5,7578376.36,41,3.734547088,2,dark purple
699,2853,2016,886370.29,4063705.628,26,4.584659114,0,pink
700,3110,2017,1588285.0,5272760.95,88,3.319782627,0,pink
701,3111,2017,1370306.99,5595163.868,68,4.083146265,0,pink
702,3112,2017,1025229.0,4205371.539,57,4.10188508,0,pink
703,3113,2017,2626283.25,11034120.09,127,4.201420426,2,dark purple
704,3114,2017,5866582.0,18690126.01,276,3.185862911,2,dark purple
705,3115,2017,107013.24,485882.351,19,4.540394731,0,pink
706,3116,2017,1423796.55,5721131.323,71,4.018222493,0,pink
707,3117,2017,1605430.1,6992732.146,112,4.355675246,2,dark purple
708,3118,2017,731870.07,2675359.4,55,3.655511422,0,pink
709,3119,2017,5597.15,33067.489,6,5.907915457,0,pink
710,3120,2017,59343.9,211631.415,12,3.566186499,0,pink
711,3121,2017,73453.03,344240.613,23,4.686540678,0,pink
712,3122,2017,754864.0,3533241.821,41,4.680633625,0,pink
713,3123,2017,830817.5,3401451.875,66,4.094102345,0,pink
714,3124,2017,2145687.0,7430064.3,52,3.462790379,2,dark purple
715,3125,2017,2285846.86,9354871.15,117,4.092518757,2,dark purple
716,3126,2017,2042439.16,9303953.96,78,4.555315107,2,dark purple
717,3127,2017,1389191.1,4084842.48,57,2.940446768,0,pink
718,3128,2017,1224181.1,5040028.005,47,4.117060789,0,pink
719,3129,2017,916742.01,3860442.963,42,4.211046206,0,pink
720,3130,2017,54709.6,260057.73,4,4.753420423,0,pink
721,3131,2017,292109.25,1283142.138,60,4.392678897,0,pink
722,3132,2017,284604.0,1315529.87,15,4.622316868,0,pink
723,3133,2017,159129.0,676061.2,5,4.248510328,0,pink
724,3134,2017,4288089.1,18975912.14,153,4.425260692,2,dark purple
725,3135,2017,464764.5,1920891.52,25,4.133042692,0,pink
726,3136,2017,233752.5,604994.825,20,2.588185474,0,pink
727,3137,2017,404104.7,1138432.13,18,2.817171218,0,pink
728,3138,2017,355337.0,1541566.8,31,4.338323338,0,pink
729,3139,2017,2099976.66,8843692.315,116,4.211328861,2,dark purple
730,3140,2017,1321336.0,5425493.55,60,4.106066549,0,pink
731,3141,2017,185872.85,723365.67,8,3.891723132,0,pink
732,3142,2017,3129988.7,9176318.215,215,2.931741643,2,dark purple
733,3143,2017,12063.0,64014.9,3,5.306714748,0,pink
734,3144,2017,296979.02,1321328.761,19,4.44923268,0,pink
735,3145,2017,1268342.78,5894099.04,68,4.647086839,0,pink
736,3146,2017,198962.68,841457.769,12,4.229224139,0,pink
737,3147,2017,1767171.83,5925222.176,79,3.3529406,0,pink
738,3148,2017,2656293.3,9476977.975,91,3.567745314,2,dark purple
739,3149,2017,1116139.06,4519165.251,47,4.048926709,0,pink
740,3150,2017,429098.0,1666792.35,27,3.884409506,0,pink
741,3151,2017,1131052.25,5107828.128,54,4.515996611,0,pink
742,3152,2017,454094.69,2011114.866,21,4.428844711,0,pink
743,3153,2017,454926.24,1822111.98,40,4.005291012,0,pink
744,3154,2017,148573.6,602226.007,7,4.053385036,0,pink
745,3155,2017,11961636.59,47797855.67,537,3.995929429,1,purple
746,3156,2017,211569.6,931906.23,21,4.40472653,0,pink
747,3157,2017,1548991.85,6159419.563,72,3.976405404,0,pink
748,3158,2017,2867654.48,12757392.81,189,4.448720339,2,dark purple
749,3159,2017,877352.05,3594255.78,31,4.096708704,0,pink
750,3160,2017,2132747.8,8791776.595,155,4.122276715,2,dark purple
751,3161,2017,517882.56,1989259.897,24,3.841140928,0,pink
752,3162,2017,334543.4,1281859.715,27,3.831669419,0,pink
753,3163,2017,57462.21,253494.002,9,4.411490648,0,pink
754,3164,2017,392763.6,1691179.035,33,4.305844623,0,pink
755,3165,2017,730746.0,2929068.65,32,4.008326628,0,pink
756,3166,2017,1321343.05,5376228.143,80,4.068760299,0,pink
757,3167,2017,482335.6,1983399.735,43,4.112074114,0,pink
758,3168,2017,2017147.59,8692421.765,93,4.309264135,2,dark purple
759,3169,2017,3679987.0,13420715.16,172,3.646946351,2,dark purple
760,3170,2017,273065.5,1227932.775,47,4.49684334,0,pink
761,3171,2017,1770682.5,6746134.065,63,3.809906104,2,dark purple
762,3172,2017,15610054.0,57085219.58,413,3.656952089,1,purple
763,3173,2017,2450212.28,9094949.219,108,3.711902554,2,dark purple
764,3174,2017,2051267.7,7878420.975,102,3.840757096,2,dark purple
765,3175,2017,8561446.65,36349614.01,229,4.245732701,1,purple
766,3176,2017,42203.87,193549.081,12,4.586050545,0,pink
767,3177,2017,86916.99,325220.16,14,3.741732888,0,pink
768,3178,2017,721892.05,3556429.745,25,4.926539564,0,pink
769,3428,2018,1403373.0,5103269.65,68,3.636431405,0,pink
770,3429,2018,1558182.58,6677176.067,79,4.28523342,2,dark purple
771,3430,2018,1120182.9,4677826.677,76,4.175949014,0,pink
772,3431,2018,2459326.4,10574231.45,116,4.299645403,2,dark purple
773,3432,2018,6955277.4,21700428.13,304,3.119994629,2,dark purple
774,3433,2018,158313.3,689814.92,15,4.357277121,0,pink
775,3434,2018,1102903.67,4421359.997,59,4.008836055,0,pink
776,3435,2018,67190.5,306926.575,12,4.568005522,0,pink
777,3436,2018,1761481.8,8049927.595,103,4.56997489,2,dark purple
778,3437,2018,750990.5,2822042.05,53,3.757759985,0,pink
779,3438,2018,2781.0,12711.991,3,4.571014383,0,pink
780,3439,2018,119983.0,494294.35,10,4.119703208,0,pink
781,3440,2018,58011.8,304013.9,17,5.240552784,0,pink
782,3441,2018,1052115.9,4931357.66,37,4.687085957,0,pink
783,3442,2018,531960.2,2240990.75,61,4.212703789,0,pink
784,3443,2018,2295812.0,8165965.6,54,3.556896471,2,dark purple
785,3444,2018,2839919.1,12134270.98,108,4.27275234,2,dark purple
786,3445,2018,2297701.25,10938798.1,73,4.760757344,2,dark purple
787,3446,2018,1410579.5,4315707.275,66,3.059527857,0,pink
788,3447,2018,870488.0,3696519.626,23,4.246491193,0,pink
789,3448,2018,939995.16,4273327.823,40,4.546116836,0,pink
790,3449,2018,62099.0,260202.1,5,4.190117393,0,pink
791,3450,2018,349609.7,1612563.025,56,4.612466488,0,pink
792,3451,2018,454678.7,2219820.89,16,4.882174797,0,pink
793,3452,2018,153998.0,670850.51,5,4.356228717,0,pink
794,3453,2018,5026665.0,23594041.49,163,4.693776389,2,dark purple
795,3454,2018,491651.0,1955136.04,26,3.976674592,0,pink
796,3455,2018,379564.8,1520400.52,31,4.005641514,0,pink
797,3456,2018,2434797.25,10278951.53,115,4.221686849,2,dark purple
798,3457,2018,1963718.48,8660663.074,69,4.410338428,2,dark purple
799,3458,2018,3291335.3,9958899.073,200,3.025792928,2,dark purple
800,3459,2018,376113.3,1637647.305,20,4.35413293,0,pink
801,3460,2018,1455530.01,6581655.851,64,4.521827654,2,dark purple
802,3461,2018,430116.25,1813802.113,12,4.217004387,0,pink
803,3462,2018,319827.2,1255408.15,18,3.925270115,0,pink
804,3463,2018,1798822.2,5482057.55,71,3.047581662,0,pink
805,3464,2018,2843429.81,10006415.6,90,3.519135786,2,dark purple
806,3465,2018,115539.7,464919.855,13,4.023897024,0,pink
807,3466,2018,1367815.4,6020160.317,48,4.401295904,0,pink
808,3467,2018,1602695.77,7046330.023,69,4.396548712,2,dark purple
809,3468,2018,570594.85,2531918.188,19,4.43733095,0,pink
810,3469,2018,10776478.66,44465014.1,525,4.126117214,1,purple
811,3470,2018,2768925.0,11979698.6,72,4.326479988,2,dark purple
812,3471,2018,63909.6,307307.8,17,4.808476348,0,pink
813,3472,2018,1669713.0,6754783.75,70,4.045475929,2,dark purple
814,3473,2018,3986886.75,18325175.05,198,4.596362074,2,dark purple
815,3474,2018,911749.55,3746205.29,25,4.108809585,0,pink
816,3475,2018,1808846.89,7859003.996,107,4.344759106,2,dark purple
817,3476,2018,577541.12,2315374.023,22,4.009020211,0,pink
818,3477,2018,347088.4,1336769.68,31,3.851381031,0,pink
819,3478,2018,304.0,1368.0,4,4.5,0,pink
820,3479,2018,530024.65,2296018.225,30,4.331908384,0,pink
821,3480,2018,322712.02,1317527.55,32,4.082672688,0,pink
822,3481,2018,66242.7,284404.37,4,4.293369232,0,pink
823,3482,2018,778851.0,3419481.87,25,4.39041854,0,pink
824,3483,2018,1605394.25,7010663.99,79,4.366942257,2,dark purple
825,3484,2018,401837.0,1141240.0,15,2.840057038,0,pink
826,3485,2018,29574.0,132026.9,5,4.464289579,0,pink
827,3486,2018,607697.5,2610313.925,40,4.295416593,0,pink
828,3487,2018,1837532.2,7961096.62,96,4.332493667,2,dark purple
829,3488,2018,4036886.47,16274236.84,148,4.031383335,2,dark purple
830,3489,2018,264323.5,1260933.45,31,4.7704175,0,pink
831,3490,2018,1675915.0,6514294.875,67,3.887007918,2,dark purple
832,3491,2018,15143775.25,57626699.09,385,3.805306018,1,purple
833,3492,2018,36290.59,146672.15,8,4.041602796,0,pink
834,3493,2018,2202129.22,8406179.902,106,3.817296381,2,dark purple
835,3494,2018,2082851.0,8547988.45,95,4.103984611,2,dark purple
836,3495,2018,8916571.0,39205653.38,214,4.396942881,1,purple
837,3496,2018,70731.2,305980.845,8,4.325967112,0,pink
838,3497,2018,1788093.63,6138146.09,41,3.432787851,0,pink
839,3498,2018,113816.26,428150.07,10,3.76176541,0,pink
840,3499,2018,8134.71,34742.39,4,4.270882429,0,pink
841,3500,2018,284645.05,1332893.896,12,4.682652644,0,pink
842,3501,2018,540122.0,2718448.35,9,5.03302652,0,pink
843,3738,2019,992502.0,4264344.4,59,4.296560007,0,pink
844,3739,2019,1124883.48,5666011.086,72,5.036975995,0,pink
845,3740,2019,1127602.74,5793218.089,46,5.137641018,0,pink
846,3741,2019,2518741.3,13138670.48,127,5.216363618,2,dark purple
847,3742,2019,5993013.0,21618064.99,302,3.607211429,2,dark purple
848,3743,2019,253787.02,1224356.755,37,4.824347419,0,pink
849,3744,2019,124895.2,632536.95,14,5.064541712,0,pink
850,3745,2019,755180.49,3689414.081,61,4.885473248,0,pink
851,3746,2019,382058.1,2028600.595,47,5.309665192,0,pink
852,3747,2019,1156637.65,6093919.718,82,5.26865066,0,pink
853,3748,2019,625249.85,2899441.04,59,4.637251876,0,pink
854,3749,2019,368043.0,1786331.0,22,4.853593194,0,pink
855,3750,2019,4977.75,26414.8,3,5.306574255,0,pink
856,3751,2019,68964.5,328013.0,6,4.756258655,0,pink
857,3752,2019,43621.0,235898.9,13,5.407920497,0,pink
858,3753,2019,824806.4,4315567.125,37,5.232218282,0,pink
859,3754,2019,1931663.0,7856353.1,53,4.067144787,2,dark purple
860,3755,2019,2294859.9,11484791.75,113,5.004572066,2,dark purple
861,3756,2019,1984287.7,10971989.35,79,5.529434744,2,dark purple
862,3757,2019,1233461.0,4561287.495,56,3.697958423,0,pink
863,3758,2019,774383.59,4044023.122,38,5.222247959,0,pink
864,3759,2019,57655.0,298685.0,6,5.18055676,0,pink
865,3760,2019,336673.45,1743931.85,54,5.179891227,0,pink
866,3761,2019,300429.3,1625300.01,14,5.409925097,0,pink
867,3762,2019,132506.0,678764.87,5,5.122521773,0,pink
868,3763,2019,4974067.95,26621592.21,175,5.352076505,2,dark purple
869,3764,2019,247102.0,889922.85,19,3.601439284,0,pink
870,3765,2019,305736.0,1473041.0,17,4.818016197,0,pink
871,3766,2019,349943.5,1674398.205,31,4.78476727,0,pink
872,3767,2019,3226626.24,16353675.32,139,5.068351307,2,dark purple
873,3768,2019,1881245.35,9670324.063,67,5.140384301,2,dark purple
874,3769,2019,2929281.8,10324722.66,173,3.524660092,2,dark purple
875,3770,2019,7655.0,49064.1,3,6.409418681,0,pink
876,3771,2019,265703.76,1328258.883,17,4.999021779,0,pink
877,3772,2019,1189364.46,6138493.347,61,5.161154174,0,pink
878,3773,2019,410294.84,2118486.745,11,5.163327779,0,pink
879,3774,2019,428373.62,2173230.47,29,5.073212655,0,pink
880,3775,2019,1578650.5,6180029.785,69,3.914754903,0,pink
881,3776,2019,2803828.5,12268862.89,109,4.375753685,2,dark purple
882,3777,2019,393700.3,2041320.34,20,5.184960083,0,pink
883,3778,2019,1139814.1,5801967.033,43,5.090274838,0,pink
884,3779,2019,491419.6,2567973.075,20,5.225622004,0,pink
885,3780,2019,220021.49,1101079.147,20,5.004416373,0,pink
886,3781,2019,33819.38,166128.795,5,4.912236564,0,pink
887,3782,2019,2524889.25,12955727.85,72,5.131206389,2,dark purple
888,3783,2019,125606.0,672573.55,11,5.354629158,0,pink
889,3784,2019,1440949.82,7191692.72,69,4.990939046,2,dark purple
890,3785,2019,2817178.33,14974323.52,226,5.315362311,2,dark purple
891,3786,2019,875684.0,4375038.25,29,4.996138162,0,pink
892,3787,2019,529002.56,2603915.47,23,4.922311661,0,pink
893,3788,2019,276880.1,1322713.94,28,4.777208402,0,pink
894,3789,2019,45792.37,230020.61,10,5.023120882,0,pink
895,3790,2019,638339.08,3361831.845,38,5.26652989,0,pink
896,3791,2019,577205.0,3019053.2,24,5.230469591,0,pink
897,3792,2019,1243982.55,6274500.945,89,5.043881801,0,pink
898,3793,2019,468297.5,2371132.475,36,5.063303723,0,pink
899,3794,2019,2129083.3,11151956.37,127,5.237914538,2,dark purple
900,3795,2019,3812299.46,18445244.76,152,4.838351487,2,dark purple
901,3796,2019,1578752.2,7183198.225,61,4.549921276,2,dark purple
902,3797,2019,10885563.55,51415857.46,403,4.723306903,1,purple
903,3798,2019,104872.0,502299.05,9,4.789639275,0,pink
904,3799,2019,1942243.93,8715928.45,94,4.487556025,2,dark purple
905,3800,2019,1731667.0,8454712.05,86,4.882412179,2,dark purple
906,3801,2019,7605992.6,39191635.07,214,5.15273116,1,purple
907,3802,2019,109875.97,576110.825,9,5.243283176,0,pink
908,3803,2019,86805.79,401583.245,10,4.626226488,0,pink
909,3804,2019,654704.82,3551950.441,23,5.425270034,0,pink
910,4039,2020,1195520.64,5095455.864,70,4.262122872,0,pink
911,4040,2020,1141768.03,5024406.893,68,4.40054964,0,pink
912,4041,2020,1031844.8,4846479.888,44,4.696907799,0,pink
913,4042,2020,1933068.9,8841972.2,91,4.574059517,2,dark purple
914,4043,2020,5684260.3,17651647.09,281,3.105355166,2,dark purple
915,4044,2020,631276.0,2678022.0,44,4.242236359,0,pink
916,4045,2020,153180.8,654295.325,11,4.271392531,0,pink
917,4046,2020,793635.65,3149131.836,60,3.967981826,0,pink
918,4047,2020,383177.1,1751437.465,39,4.570830211,0,pink
919,4048,2020,1279146.17,5747716.602,62,4.493400939,0,pink
920,4049,2020,564724.0,2223946.79,51,3.93811276,0,pink
921,4050,2020,77566.84,289030.62,9,3.726213676,0,pink
922,4051,2020,50006.0,232019.25,12,4.639828221,0,pink
923,4052,2020,823470.1,3773330.295,39,4.582231091,0,pink
924,4053,2020,2020096.5,8423202.65,52,4.169703106,2,dark purple
925,4054,2020,2206451.5,9579935.455,104,4.341783835,2,dark purple
926,4055,2020,1833566.6,8753265.9,65,4.773901259,2,dark purple
927,4056,2020,1151198.5,3603337.445,45,3.130074826,0,pink
928,4057,2020,755051.6,3675624.18,41,4.868043694,0,pink
929,4058,2020,369866.94,1678498.59,56,4.53811468,0,pink
930,4059,2020,223481.81,1065381.09,11,4.76719376,0,pink
931,4060,2020,165834.99,731186.3,9,4.409119571,0,pink
932,4061,2020,4117244.7,19112713.17,159,4.64211252,2,dark purple
933,4062,2020,209000.0,845434.05,15,4.045138995,0,pink
934,4063,2020,363751.0,1549531.35,15,4.259868289,0,pink
935,4064,2020,396839.0,1689224.4,27,4.256699568,0,pink
936,4065,2020,2683622.38,11864595.91,122,4.421112299,2,dark purple
937,4066,2020,2179263.01,10157404.38,57,4.660935524,2,dark purple
938,4067,2020,2135527.6,6865855.752,142,3.215062991,2,dark purple
939,4068,2020,1106241.02,4827867.744,54,4.364209658,0,pink
940,4069,2020,365466.2,1691940.88,12,4.629541337,0,pink
941,4070,2020,354326.72,1645830.661,25,4.644952153,0,pink
942,4071,2020,1682902.66,5682086.83,66,3.376360954,0,pink
943,4072,2020,1013081.57,4317682.991,51,4.261930252,0,pink
944,4073,2020,2397205.15,10069956.55,92,4.20070704,2,dark purple
945,4074,2020,227473.2,1101328.875,10,4.841576392,0,pink
946,4075,2020,957839.01,4172444.485,46,4.35610206,0,pink
947,4076,2020,328697.0,1389418.803,24,4.227050454,0,pink
948,4077,2020,45570.6,217296.26,18,4.768343186,0,pink
949,4078,2020,502357.3,2244682.345,20,4.46829845,0,pink
950,4079,2020,191.0,620.75,1,3.25,0,pink
951,4080,2020,307483.4,1383937.755,26,4.500853558,0,pink
952,4081,2020,25762.29,109627.195,5,4.255335803,0,pink
953,4082,2020,12318095.12,53063487.41,625,4.307767304,1,purple
954,4083,2020,121691.0,490158.92,13,4.027897872,0,pink
955,4084,2020,1368037.0,5809401.175,63,4.246523431,0,pink
956,4085,2020,2510389.97,11757568.77,176,4.683562678,2,dark purple
957,4086,2020,877834.0,4010434.55,39,4.568556868,0,pink
958,4087,2020,554381.64,2346397.051,23,4.232458079,0,pink
959,4088,2020,274215.0,1064719.35,24,3.882790329,0,pink
960,4089,2020,56506.62,253306.875,11,4.482782283,0,pink
961,4090,2020,607282.56,2807894.241,27,4.623703077,0,pink
962,4091,2020,589283.8,2726452.14,17,4.626721692,0,pink
963,4092,2020,1217376.0,5144184.59,85,4.225633321,0,pink
964,4093,2020,457108.25,1916723.888,32,4.19315094,0,pink
965,4094,2020,2538315.5,11708062.14,121,4.612532264,2,dark purple
966,4095,2020,3968133.86,16533560.83,150,4.16658344,2,dark purple
967,4096,2020,1625917.8,7047055.35,63,4.334201489,2,dark purple
968,4097,2020,11202565.05,43659183.49,385,3.897248826,1,purple
969,4098,2020,125145.0,522188.3,7,4.172666107,0,pink
970,4099,2020,1831771.21,7709380.566,86,4.20870277,2,dark purple
971,4100,2020,1692396.0,7059463.2,80,4.171283317,2,dark purple
972,4101,2020,7472659.5,33440683.93,209,4.475071282,1,purple
973,4102,2020,676558.12,3146685.215,23,4.651019804,0,pink
974,4360,2021,1472362.81,9306710.386,83,6.320935521,2,dark purple
975,4361,2021,1546676.72,10460709.81,69,6.763346002,2,dark purple
976,4362,2021,1007233.1,7433571.721,42,7.380190068,2,dark purple
977,4363,2021,1784345.0,13124593.82,76,7.35541267,2,dark purple
978,4364,2021,6030283.5,33293964.45,290,5.521127564,1,purple
979,4365,2021,154020.0,1044928.03,36,6.784365862,0,pink
980,4366,2021,801324.1,5804213.29,44,7.243278082,0,pink
981,4367,2021,160118.3,1107322.045,16,6.915649523,0,pink
982,4368,2021,729025.61,5194819.642,59,7.125702542,0,pink
983,4369,2021,445659.7,3093536.27,38,6.941476355,0,pink
984,4370,2021,1647716.3,11267026.72,59,6.837965201,2,dark purple
985,4371,2021,575330.0,3778753.4,57,6.567975597,0,pink
986,4372,2021,74759.0,514791.96,6,6.886019877,0,pink
987,4373,2021,47252.0,352300.0,11,7.455769068,0,pink
988,4374,2021,1071257.27,7313699.571,36,6.827211143,2,dark purple
989,4375,2021,943052.5,6634057.825,63,7.034664374,2,dark purple
990,4376,2021,1982973.4,12901658.69,51,6.506218737,2,dark purple
991,4377,2021,2909662.5,19258382.59,102,6.618768531,2,dark purple
992,4378,2021,2064435.1,14577396.8,61,7.061203716,2,dark purple
993,4379,2021,1148784.5,6104645.595,48,5.314004145,0,pink
994,4380,2021,744283.0,5215914.65,19,7.007972304,0,pink
995,4381,2021,30292.0,224660.85,3,7.416507659,0,pink
996,4382,2021,109419.0,769777.1,6,7.035131924,0,pink
997,4383,2021,466128.84,3206687.955,50,6.879402603,0,pink
998,4384,2021,241584.25,1692284.21,11,7.004944279,0,pink
999,4385,2021,180718.99,1281510.08,6,7.091175532,0,pink
1000,4386,2021,5806323.65,39807576.52,176,6.85590038,1,purple
1001,4387,2021,335700.0,2272782.15,24,6.77027748,0,pink
1002,4388,2021,331880.0,2357658.9,16,7.103949922,0,pink
1003,4389,2021,353097.0,2478263.5,16,7.01864785,0,pink
1004,4390,2021,416868.0,2913625.35,27,6.989323599,0,pink
1005,4391,2021,3434243.41,23242699.03,132,6.767924185,2,dark purple
1006,4392,2021,2221483.5,15362198.55,57,6.915288162,2,dark purple
1007,4393,2021,2120382.65,12267243.09,121,5.785391184,2,dark purple
1008,4394,2021,1342966.4,9124701.476,57,6.794437654,2,dark purple
1009,4395,2021,46040.8,342921.11,6,7.448200509,0,pink
1010,4396,2021,144945.98,1008344.7,14,6.956693107,0,pink
1011,4397,2021,1578649.4,9021420.29,63,5.714644613,2,dark purple
1012,4398,2021,1132712.0,8028881.694,61,7.088193375,2,dark purple
1013,4399,2021,2602577.5,17166097.17,96,6.595806338,2,dark purple
1014,4400,2021,3280.28,27911.96,3,8.509017523,0,pink
1015,4401,2021,1211915.09,7894008.898,45,6.513664994,2,dark purple
1016,4402,2021,153594.45,1158243.81,10,7.540922279,0,pink
1017,4403,2021,683088.2,4669323.93,19,6.83560912,0,pink
1018,4404,2021,477450.1,3499289.345,25,7.329120561,0,pink
1019,4405,2021,16993.91,129205.406,4,7.603041678,0,pink
1020,4406,2021,10188969.57,71094091.84,498,6.977554634,1,purple
1021,4407,2021,2168727.65,15203689.8,79,7.010419128,2,dark purple
1022,4408,2021,124285.0,854694.68,7,6.87689327,0,pink
1023,4409,2021,108405.85,750554.99,16,6.92356538,0,pink
1024,4410,2021,1804022.0,11878622.65,60,6.584522057,2,dark purple
1025,4411,2021,3670456.2,25607718.65,165,6.976712772,2,dark purple
1026,4412,2021,1174447.0,8096353.35,32,6.893757956,2,dark purple
1027,4413,2021,480627.28,3408797.33,22,7.092392529,0,pink
1028,4414,2021,244179.0,1613541.35,29,6.608026694,0,pink
1029,4415,2021,652252.9,4608487.789,30,7.065492218,0,pink
1030,4416,2021,575163.0,4067444.35,17,7.071811556,0,pink
1031,4417,2021,1564780.0,10284414.93,87,6.572435058,2,dark purple
1032,4418,2021,498776.0,3340813.1,23,6.69802296,0,pink
1033,4419,2021,2806977.55,20795869.88,113,7.408634202,2,dark purple
1034,4420,2021,4560057.2,30702721.4,165,6.732968481,1,purple
1035,4421,2021,144206.0,1041959.05,11,7.225490271,0,pink
1036,4422,2021,2206382.85,14607679.31,82,6.620645782,2,dark purple
1037,4423,2021,11738298.45,76166259.83,379,6.48869682,1,purple
1038,4424,2021,129769.0,924375.25,5,7.123236289,0,pink
1039,4425,2021,2047624.0,13716115.65,103,6.698551907,2,dark purple
1040,4426,2021,178316.8,1322726.58,17,7.417846103,0,pink
1041,4427,2021,7839728.8,55372980.02,207,7.063124431,1,purple
1042,4428,2021,131455.84,889005.275,8,6.762767443,0,pink
1043,4429,2021,120324.24,785784.738,10,6.530560575,0,pink
1044,4430,2021,1669465.45,10620707.33,42,6.361741317,2,dark purple
1045,4431,2021,968354.85,6682328.6,21,6.900702361,2,dark purple
1046,4686,2022,1299231.29,4474798.95,71,3.444189641,0,pink
1047,4687,2022,1312337.8,5655449.93,60,4.309446798,0,pink
1048,4688,2022,1049877.29,4655605.073,43,4.43442783,0,pink
1049,4689,2022,1518923.3,6649382.8,70,4.377694911,2,dark purple
1050,4690,2022,5477192.0,12156267.18,268,2.219434188,2,dark purple
1051,4691,2022,914278.0,3680469.75,41,4.025547755,0,pink
1052,4692,2022,156404.2,709925.889,12,4.539046196,0,pink
1053,4693,2022,676727.18,2612286.698,48,3.860177004,0,pink
1054,4694,2022,354262.5,1692197.85,44,4.776677887,0,pink
1055,4695,2022,1431961.5,6618007.275,68,4.621637715,2,dark purple
1056,4696,2022,46013.5,246688.0,12,5.36120921,0,pink
1057,4697,2022,1031321.25,4776326.985,37,4.631269825,0,pink
1058,4698,2022,1888145.0,7512688.15,51,3.978872465,2,dark purple
1059,4699,2022,2498095.0,10482974.3,103,4.196387367,2,dark purple
1060,4700,2022,1468899.75,6925487.883,62,4.714745089,2,dark purple
1061,4701,2022,1104337.7,2527510.3,48,2.288711415,0,pink
1062,4702,2022,558344.0,2343200.6,17,4.196697018,0,pink
1063,4703,2022,640962.3,2551256.66,32,3.980353696,0,pink
1064,4704,2022,21429.0,93096.35,3,4.344409445,0,pink
1065,4705,2022,197995.81,829466.98,11,4.189315824,0,pink
1066,4706,2022,192007.0,823758.6,10,4.29025296,0,pink
1067,4707,2022,5080457.15,22796098.55,170,4.487017187,2,dark purple
1068,4708,2022,352137.5,1451048.95,26,4.120688509,0,pink
1069,4709,2022,273947.0,1081135.2,13,3.946512282,0,pink
1070,4710,2022,127622.0,564620.35,15,4.424161587,0,pink
1071,4711,2022,419393.0,1604807.08,19,3.826499441,0,pink
1072,4712,2022,3104299.44,13363685.62,122,4.3048958,2,dark purple
1073,4713,2022,2216056.15,8990756.21,58,4.057097655,2,dark purple
1074,4714,2022,1625044.7,4180897.339,128,2.572789129,0,pink
1075,4715,2022,1023910.43,4387854.931,60,4.285389427,0,pink
1076,4716,2022,38385.84,160777.82,7,4.188466893,0,pink
1077,4717,2022,206767.8,810793.838,18,3.921277094,0,pink
1078,4718,2022,1388903.25,2667213.548,62,1.920373898,0,pink
1079,4719,2022,2586655.8,8938364.199,100,3.455567687,2,dark purple
1080,4720,2022,145362.0,557032.65,10,3.832037603,0,pink
1081,4721,2022,1074121.7,4505380.936,40,4.19447902,0,pink
1082,4722,2022,96757.51,483051.035,7,4.992388033,0,pink
1083,4723,2022,655203.0,2836195.6,18,4.328728043,0,pink
1084,4724,2022,379493.0,1534191.075,26,4.042738799,0,pink
1085,4725,2022,25583.56,103512.845,6,4.046068843,0,pink
1086,4726,2022,10147932.84,41491516.68,655,4.088666858,1,purple
1087,4727,2022,425.0,1936.125,2,4.555588235,0,pink
1088,4728,2022,256.0,746.0,2,2.9140625,0,pink
1089,4729,2022,1838948.0,7560241.319,69,4.111177325,2,dark purple
1090,4730,2022,142735.0,624816.55,8,4.377458577,0,pink
1091,4731,2022,108629.0,415455.36,13,3.824534517,0,pink
1092,4732,2022,1676355.0,6610714.7,60,3.943505224,2,dark purple
1093,4733,2022,2639417.28,12184221.34,163,4.616254289,2,dark purple
1094,4734,2022,1149693.75,4655738.748,33,4.049546888,0,pink
1095,4735,2022,337663.88,1289991.13,22,3.820340896,0,pink
1096,4736,2022,204361.1,759329.05,30,3.715624206,0,pink
1097,4737,2022,80720.55,355490.773,7,4.403968667,0,pink
1098,4738,2022,483072.13,2087109.87,29,4.320493236,0,pink
1099,4739,2022,484228.0,2018493.65,12,4.168477763,0,pink
1100,4740,2022,1463006.5,6331465.74,81,4.327708551,0,pink
1101,4741,2022,494987.0,2182993.45,24,4.410203601,0,pink
1102,4742,2022,2586651.14,11231141.13,109,4.341962067,2,dark purple
1103,4743,2022,4421821.0,17527834.16,154,3.963940232,2,dark purple
1104,4744,2022,86934.0,355650.9,13,4.091044931,0,pink
1105,4745,2022,1886349.17,6542144.463,80,3.468151373,2,dark purple
1106,4746,2022,10991606.05,44990292.71,370,4.093150037,1,purple
1107,4747,2022,124538.0,496891.9,8,3.989881803,0,pink
1108,4748,2022,1999293.0,7852877.75,80,3.927827362,2,dark purple
1109,4749,2022,223031.45,956870.784,17,4.29029531,0,pink
1110,4750,2022,6960663.7,30236179.89,188,4.343864492,1,purple
1111,4751,2022,24907.0,115699.4,6,4.645256354,0,pink
1112,4752,2022,1818154.05,6541451.45,57,3.597853246,2,dark purple
1113,4753,2022,940215.45,4266021.051,25,4.537280313,0,pink
